{
    "model_name": "xgboost",
    "roc_auc": 0.9378872142181461,
    "pr_auc": 0.6347167338343138,
    "f1": 0.6317016317016317,
    "precision": 0.5741525423728814,
    "recall": 0.7020725388601037,
    "threshold": 0.5
}