{
    "MLP": {
        "roc_auc": 0.9078172261301838,
        "pr_auc": 0.553612900240347,
        "f1": 0.5503432494279176,
        "precision": 0.492827868852459,
        "recall": 0.6230569948186528
    },
    "IsolationForest": {
        "roc_auc": 0.6029977655197114,
        "pr_auc": 0.21658276280320338,
        "f1": 0.2486910994764398,
        "precision": 0.15583989501312337,
        "recall": 0.6152849740932642
    },
    "OneClassSVM": {
        "roc_auc": 0.6043174324497923,
        "pr_auc": 0.19582352711694906,
        "f1": 0.2591623036649215,
        "precision": 0.1624015748031496,
        "recall": 0.6411917098445595
    },
    "Autoencoder": {
        "roc_auc": 0.6452901223514207,
        "pr_auc": 0.22554583633013764,
        "f1": 0.268586387434555,
        "precision": 0.16830708661417323,
        "recall": 0.6645077720207254
    }
}